[
  { "value": "all-categories", "label": "All categories" },
  { "value": "3d", "label": "3d" },
  { "value": "art", "label": "art" },
  { "value": "audio-editing", "label": "audio editing" },
  { "value": "avatars", "label": "avatars" },
  { "value": "code-assistant", "label": "code assistant" },
  { "value": "copywriting", "label": "copywriting" },
  { "value": "customer-support", "label": "customer support" },
  { "value": "e-commerce", "label": "e commerce" },
  { "value": "education", "label": "education" },
  { "value": "email-assistant", "label": "email assistant" },
  { "value": "fashion", "label": "fashion" },
  { "value": "finance", "label": "finance" },
  { "value": "fitness", "label": "fitness" },
  { "value": "fun-tools", "label": "fun tools" },
  { "value": "gaming", "label": "gaming" },
  { "value": "gift-ideas", "label": "gift ideas" },
  { "value": "healthcare", "label": "healthcare" },
  { "value": "human-resources", "label": "human resources" },
  { "value": "image-editing", "label": "image editing" },
  { "value": "image-generators", "label": "image generators" },
  { "value": "image-to-image", "label": "image to image" },
  { "value": "legal", "label": "legal" },
  { "value": "logo-generator", "label": "logo generator" },
  { "value": "low-code", "label": "low code" },
  { "value": "no-code", "label": "no code" },
  { "value": "music", "label": "music" },
  { "value": "paraphrasing", "label": "paraphrasing" },
  { "value": "photoshop", "label": "photoshop" },
  { "value": "presentations", "label": "presentations" },
  { "value": "productivity", "label": "productivity" },
  { "value": "prompt-generators", "label": "prompt generators" },
  { "value": "real-estate", "label": "real estate" },
  { "value": "religion", "label": "religion" },
  { "value": "research", "label": "research" },
  { "value": "sales", "label": "sales" },
  { "value": "seo", "label": "seo" },
  { "value": "search-engine", "label": "search engine" },
  { "value": "social-media", "label": "social media" },
  { "value": "spreadsheets", "label": "spreadsheets" },
  { "value": "startup-tools", "label": "startup tools" },
  { "value": "story-teller", "label": "story teller" },
  { "value": "summarizer", "label": "summarizer" },
  { "value": "text-to-image", "label": "text to image" },
  { "value": "text-to-speech", "label": "text to speech" },
  { "value": "text-to-video", "label": "text to video" },
  { "value": "transcriber", "label": "transcriber" },
  { "value": "travel", "label": "travel" },
  { "value": "video-editing", "label": "video editing" },
  { "value": "video-enhancer", "label": "video enhancer" },
  { "value": "video-generators", "label": "video generators" },
  { "value": "writing-generators", "label": "writing generators" },
  { "value": "others", "label": "others" }
]
