[
  {
    "_id": "65abb8eff90268886a5b6430",
    "userName": "Rahmat",
    "userEmail": "workrahmat12@gmail.com",
    "title": "chatgpt",
    "subtitle": "An Advanced AI Chatbot and Content Creation Tool for Natural Conversations and High-Quality Writing.",
    "metaTitle": "ChatGPT - An Advanced AI Chatbot",
    "metaDescription": "An Advanced AI Chatbot and Content Creation Tool for Natural Conversations and High-Quality Writing.",
    "description": "<h2><strong>What is ChatGPT by OpenAI?</strong></h2><p>ChatGPT, launched by OpenAI, is a generative AI tool transforming how we interact with technology. It excels in creating human-like text responses, offering various applications from casual chatting to complex problem-solving. ChatGPT's ability to generate content, including text and code, marks a significant advancement in AI communication.</p><h3><strong>Key Features:</strong></h3><ul><li><strong>Human-Like Conversations</strong>: Ability to simulate natural, human-like dialogues.</li><li><strong>Multilingual Support</strong>: Can interact in multiple languages, enhancing its global usability.</li><li><strong>Creative Writing Aid</strong>: Can generate original creative content, including stories, poems, and more.</li><li><strong>Coding Assistance</strong>: Provides support in coding tasks, including writing and debugging.</li><li><strong>Information Resource</strong>: A comprehensive repository offering detailed explanations across various topics.</li></ul><h4><strong>Pros:</strong></h4><ul><li><strong>Enhances Productivity</strong>: The exceptional writing and coding skills of ChatGPT streamline workflows, significantly saving time and effort for users.</li><li><strong>Educational Tool</strong>: Its expansive knowledge base and ability to explain complex topics make it an excellent educational resource for students and educators.</li><li><strong>Business Efficiency</strong>: The user-friendly interface and versatile capabilities, like drafting emails and reports, benefit business professionals.</li><li><strong>Continuous Improvement</strong>: Regular updates ensure that ChatGPT remains a cutting-edge tool, constantly improving accuracy and relevance.</li><li><strong>Accessibility and Inclusivity</strong>: Its multilingual capabilities and easy-to-use interface make it accessible and valuable to a diverse global audience.</li></ul><h4><strong>Cons:</strong></h4><ul><li><strong>Limited to 2022 Data:</strong>&nbsp;Its knowledge is capped at 2022, which can be a drawback for current affairs.</li></ul><h3><strong>Who is Using ChatGPT?</strong></h3><ul><li><strong>Content Creators:</strong>&nbsp;For drafting articles, blogs, and creative writing.</li><li><strong>Programmers:</strong>&nbsp;Assisting in coding, debugging, and learning new languages.</li><li><strong>Students and Educators:</strong>&nbsp;As a learning and teaching aid.</li><li><strong>Business Professionals:</strong>&nbsp;For drafting emails and reports.</li><li><strong>Uncommon Use Cases:</strong>&nbsp;Historical researchers for creating period-accurate dialogues; Event planners for drafting scripts and speeches.</li></ul><h3><strong>What Makes ChatGPT Unique?</strong></h3><p>ChatGPT's unique ability to blend extensive knowledge with a human-like conversational style makes it special. As a user, its versatility in handling various tasks, from creative writing to coding assistance, is truly remarkable. Its continuous updates and learning capability keep it ahead in the AI conversation.</p><h3><strong>ChatGPT Tutorials:</strong></h3><p><a href=\"https://www.youtube.com/watch?v=Vayo2RSwcRY&amp;pp=ygUQY2hhdGdwdCB0dXRvcmlhbA%3D%3D\" rel=\"noopener noreferrer\" target=\"_blank\" style=\"color: inherit;\">How to Use ChatGPT - Beginner's Guide</a></p><h3><strong>How We Rated It:</strong></h3><ul><li>Accuracy and Reliability: 4.2/5</li><li>Ease of Use: 4.5/5</li><li>Functionality and Features: 4.4/5</li><li>Performance and Speed: 4.3/5</li><li>Customization and Flexibility: 4.1/5</li><li>Data Privacy and Security: 4.2/5</li><li>Support and Resources: 4.0/5</li><li>Cost-Efficiency: 4.3/5</li><li>Integration Capabilities: 4.0/5</li><li>Overall Score: 4.2/5</li></ul><h3><strong>Summary:</strong></h3><p>ChatGPT by OpenAI is a groundbreaking tool in the realm of AI-driven communication. Its ability to engage in human-like conversations across various domains and its coding assistance make it an invaluable asset for diverse users. While it has limitations, such as data capped in 2022 and no source citation, its strengths in writing and versatility make it a go-to tool for many.</p>",
    "category": "code assistant",
    "tags": ["#ai chatbots #search engine #writing generators"],
    "websiteLink": "https://chat.openai.com/",
    "toolsLogo": "https://www.futurepedia.io/_next/image?url=https%3A%2F%2Fcdn.sanity.io%2Fimages%2Fu0v1th4q%2Fproduction%2F0738f08099520811becf578c0761e576f9dedd39-180x180.svg%3Fw%3D180%26h%3D180%26sharp%3D100%26q%3D100%26auto%3Dformat%26dpr%3D3&w=64&q=75",
    "toolsImage": "https://i.ibb.co/82Lr1Nr/image.png",
    "facebookLink": "https://www.youtube.com/embed/pOmpqdlVCoo",
    "youtubeLink": "https://youtu.be/pOmpqdlVCoo",
    "discordLink": "https://youtu.be/pOmpqdlVCoo",
    "twitterLink": "https://youtu.be/pOmpqdlVCoo",
    "linkedinLink": "https://youtu.be/pOmpqdlVCoo",
    "videoReviewLink": "https://www.youtube.com/embed/pOmpqdlVCoo",
    "ratings": 5.9,
    "favourite": 50,
    "status": "approved",
    "featured": true,
    "verified": true,
    "createdAt": "2024-01-20T12:13:35.426Z",
    "updatedAt": "2024-01-20T12:27:45.513Z",
    "__v": 0
  },
  {
    "_id": "65a53e3804d57121c852df44",
    "userName": "Rahmat Ullah",
    "userEmail": "rahmatur02982@gmail.com",
    "title": "linguix",
    "subtitle": "Fix and rewrite your content on millions of websites to make it more efficient",
    "metaTitle": " Linguix - Free writing assistant tool designed to help users improve their content",
    "metaDescription": "Fix and rewrite your content on millions of websites to make it more efficient",
    "description": "<p><strong>Linguix</strong>&nbsp;is a free writing assistant tool designed to help users improve their content across various platforms. Key features and advantages include:</p><ul><li><strong>Advanced language insights</strong>: Identifies grammar, brevity, engaging phrases, and other language issues</li><li><strong>Content Quality Score</strong>: Evaluates content based on engagement, readability, and style guide compliance</li><li><strong>Integration with popular applications</strong>: Works with Google Docs, WordPress, Mailchimp, Facebook Business Manager, and more</li></ul><p><strong>Use cases</strong>&nbsp;for Linguix are ideal for various content creators:</p><ul><li><strong>Writers</strong>&nbsp;crafting emails, papers, and website content</li><li><strong>Marketers</strong>&nbsp;creating newsletters and ads</li><li><strong>Business professionals</strong>&nbsp;seeking to improve their writing skills</li></ul><p>Trusted by over 210,000 users, Linguix has received positive reviews and has been featured on the Google Chrome Store, Product Hunt, and G2 reviews website.</p>",
    "category": "art",
    "tags": ["#copywriting #paraphrasing"],
    "websiteLink": "https://linguix.com/",
    "toolsImage": "https://i.ibb.co/dcVMvjs/image.png",
    "facebookLink": "",
    "youtubeLink": "https://youtu.be/pivtzHP-uO0",
    "discordLink": "",
    "twitterLink": "",
    "linkedinLink": "",
    "videoReviewLink": "https://www.youtube.com/embed/pivtzHP-uO0",
    "ratings": 4.9,
    "status": "approved",
    "featured": true,
    "verified": true,
    "createdAt": "2024-01-15T14:16:24.647Z",
    "updatedAt": "2024-01-20T10:24:08.649Z",
    "__v": 0,
    "favourite": 0,
    "toolsLogo": "https://www.futurepedia.io/_next/image?url=https%3A%2F%2Fcdn.sanity.io%2Fimages%2Fu0v1th4q%2Fproduction%2F04bf26da02f33229c82456be1c6c583498dfff6d-192x192.svg%3Fw%3D192%26h%3D192%26sharp%3D100%26q%3D100%26auto%3Dformat%26dpr%3D3&w=128&q=75"
  },
  {
    "_id": "65a008f40829dae71452de77",
    "userName": "Md Atikur Rahman",
    "userEmail": "atikrm77@gmail.com",
    "title": "humata ai",
    "subtitle": "Humata: ChatGPT for Your Data Files",
    "metaTitle": "Humata ChatGPT for Your Data Files",
    "metaDescription": "Humata ChatGPT for Your Data Files",
    "description": "<h2><strong>What is Humata AI?</strong></h2><p><br></p><p>Humata AI is at the forefront of document management technology, offering robust solutions for turning various document formats into interactive assets. Its cutting-edge OCR technology and support for multiple languages enhance its functionality, making it a comprehensive tool for efficient document handling.</p><p><br></p><h3><strong>Key Features:</strong></h3><ul><li><strong>Effortless Document Interaction:</strong>&nbsp;Seamless interaction with formats including PDFs, Word docs, and PowerPoint files.</li><li><strong>Time-Saving Auto-Summary:</strong>&nbsp;Quick summarization of documents to grasp content efficiently.</li><li><strong>Chat History:</strong>&nbsp;Comprehensive history tracking for each document.</li><li><strong>Document Grouping:</strong>&nbsp;Intuitive organization and categorization of records.</li><li><strong>OCR Technology Integration:</strong>&nbsp;Robust handling of image-based documents, enhancing accessibility.</li><li><strong>Multilingual Support:</strong>&nbsp;Over 80 languages supported, broadening global usability.</li><li><strong>Team Management Features:</strong>&nbsp;Advanced role-based permissions for secure and relevant document access.</li><li><strong>Answer Personalization:</strong>&nbsp;Tailored responses and instructions for different team members, enhancing document management efficiency and accuracy. See it in action&nbsp;<a href=\"https://www.youtube.com/watch?v=prIvZrNQxbA\" rel=\"noopener noreferrer\" target=\"_blank\" style=\"color: inherit;\">here</a>!</li></ul><h4><strong>Pros:</strong></h4><ul><li><strong>Rapid Document Analysis:</strong>&nbsp;Quickly interprets and summarizes complex texts.</li><li><strong>Insightful Summarizations:</strong>&nbsp;Offers comprehensive summaries and deep insights from detailed documents.</li><li><strong>Traceable Answer Sources:</strong>&nbsp;Provides answers linked to the source text for easy reference.</li><li><strong>Secure Data Handling:</strong>&nbsp;Ensures the protection and confidentiality of user data and documents.</li><li><strong>Intuitive User Interface:</strong>&nbsp;Features a user-friendly design for effortless navigation and usage.</li><li><strong>Extensive Free Plan:</strong>&nbsp;Includes a substantial free plan suitable for moderate document processing.</li><li><strong>Enhanced Research Efficiency:</strong>&nbsp;Ideal for researchers and students, facilitating faster knowledge acquisition.</li><li><strong>Optimized for Professionals:</strong>&nbsp;Aids legal and business professionals in swiftly understanding key document details.</li><li><strong>Versatile Utility:</strong>&nbsp;Suitable for many users, from academics to professionals.</li></ul><h4><strong>Cons:</strong></h4><ul><li><strong>Lack of Conversation Naming:</strong>&nbsp;Not being able to name different conversations within a document can be confusing.</li></ul><h3><br></h3><h3><strong>Who is Using Humata AI?</strong></h3><ul><li><strong>HR Professionals:</strong>&nbsp;Ideal for screening resumes.</li><li><strong>Educators:</strong>&nbsp;Assists in creating teaching materials.</li><li><strong>Marketers:</strong>&nbsp;Generates concise content from lengthy documents.</li><li><strong>Researchers:</strong>&nbsp;Effectively summarizes complex papers.</li><li><strong>Legal Professionals:</strong>&nbsp;Translates legal terms into simple language.</li><li><strong>Technical Teams:</strong>&nbsp;Clarifies technical documents.</li><li><strong>Sales Analysts:</strong>&nbsp;Analyzes data to identify market trends.</li></ul><h3><br></h3><h3><strong>What Makes Humata AI Unique?</strong></h3><p><br></p><p>Humata AI stands out because it manages multiple document types simultaneously, which is particularly valuable in HR and research. Its unique features like Answer Personalization and Team Management, especially lauded in the enterprise sector, set it apart in the crowded AI market.</p><h3><strong>Humata AI Tutorials:</strong></h3><p><a href=\"https://www.youtube.com/watch?v=smWlQ5u-0Jc\" rel=\"noopener noreferrer\" target=\"_blank\" style=\"color: inherit;\">I tested *FREE Academic AI Tools* so you don't have to</a></p><p><br></p><p><br></p><h3><strong>How We Rated It:</strong></h3><ul><li><strong>Accuracy and Reliability:</strong>&nbsp;4/5</li><li><strong>Ease of Use:</strong>&nbsp;4.5/5</li><li><strong>Functionality and Features:</strong>&nbsp;4/5</li><li><strong>Performance and Speed:</strong>&nbsp;4.7/5</li><li><strong>Customization and Flexibility:</strong>&nbsp;5/5</li><li><strong>Data Privacy and Security:</strong>&nbsp;4.5/5</li><li><strong>Support and Resources:</strong>&nbsp;5/5</li><li><strong>Cost-Efficiency:</strong>&nbsp;4/5</li><li><strong>Integration Capabilities:</strong>&nbsp;3.5/5</li><li><strong>Overall Score:</strong>&nbsp;4.4/5</li></ul><h3><br></h3><h3><strong>Summary:</strong></h3><p>Humata AI is a highly advanced interactive document management tool catering to various professional needs. Its user-friendly design, unique features like chat history, and technical document simplification make it an excellent choice for many users. The tool's commitment to constant improvement and responsiveness to user feedback further enhances its value in the market.</p>",
    "category": "3d",
    "tags": ["#ai"],
    "websiteLink": "https://www.humata.ai/",
    "toolsImage": "https://www.humata.ai/_next/image?url=%2F_next%2Fstatic%2Fmedia%2Fhome-slide-02.b46f5dbc.png&w=2048&q=75",
    "facebookLink": "https://youtu.be/smWlQ5u-0Jc",
    "youtubeLink": "https://youtu.be/smWlQ5u-0Jc",
    "discordLink": "https://youtu.be/smWlQ5u-0Jc",
    "twitterLink": "https://youtu.be/smWlQ5u-0Jc",
    "linkedinLink": "https://youtu.be/smWlQ5u-0Jc",
    "videoReviewLink": "https://youtu.be/smWlQ5u-0Jc",
    "ratings": 4.9,
    "status": "approved",
    "featured": true,
    "verified": false,
    "createdAt": "2024-01-11T15:27:48.902Z",
    "updatedAt": "2024-01-16T17:37:16.772Z",
    "__v": 0,
    "favourite": 0,
    "toolsLogo": "https://www.futurepedia.io/_next/image?url=https%3A%2F%2Fcdn.sanity.io%2Fimages%2Fu0v1th4q%2Fproduction%2F98e68cf99dded6c8e83c8c280e87029a10549ce2-1024x1024.jpg%3Fw%3D1024%26h%3D1024%26sharp%3D100%26q%3D100%26auto%3Dformat%26dpr%3D3&w=64&q=75"
  },
  {
    "favourite": 0,
    "_id": "65479f78e5d3bec988735104",
    "userName": "Ibrahim Khalil",
    "userEmail": "iibrahimdev70@gmail.com",
    "title": "uptrends.ai",
    "subtitle": "The first AI stock market news monitoring platform made for DIY investors. Uptrends.ai analyzes chatter to help you find the trends & events that matter.",
    "description": "<p><strong>Uptrends.ai&nbsp;</strong>is an advanced tool designed to<em>&nbsp;help users stay ahead of trends and navigate the stock market effectively</em>. By analyzing stock market chatter from various sources, including news outlets, Twitter, Reddit, and more, Uptrends.ai aggregates relevant information and filters out clickbait to provide users with valuable insights.</p><p><strong>Key Features:</strong></p><ul><li><strong>Comprehensive Market Coverage:</strong>&nbsp;Uptrends.ai aggregates stock market chatter from news outlets, Twitter, Reddit, and other sources, providing users with a holistic view of market trends and events.</li><li><strong>Clickbait Filtering:</strong>&nbsp;The tool filters out clickbait and highlights the news that truly matters, ensuring users focus on relevant and reliable information.</li><li><strong>Real-Time News Alerts:</strong>&nbsp;Users can set personalized alerts for stocks, sectors, or topics, receiving real-time notifications about market-moving news and staying ahead of developments.</li><li><strong>Sentiment Analysis:</strong>&nbsp;Uptrends.ai tracks news sentiment, trends, and events, empowering users to make smarter investment decisions based on valuable insights.</li><li><strong>Streamlined Information Access:</strong>&nbsp;With Uptrends.ai, users have access to aggregated news, blogs, and social media posts from top finance coverage websites, eliminating the need for manual searching across multiple sources.</li></ul><p><strong>Use Cases:</strong></p><ul><li><strong>Stock Market Monitoring:</strong>&nbsp;Uptrends.ai is a valuable tool for investors, traders, and anyone interested in the stock market. It provides a centralized platform for monitoring stock market trends, events, and sentiment, aiding users in making informed investment decisions.</li><li><strong>News and Trend Analysis:</strong>&nbsp;Journalists, analysts, and finance professionals can leverage Uptrends.ai to track news sentiment, analyze market trends, and gain insights into market dynamics. It serves as a valuable resource for research and analysis.</li><li><strong>Time-Saving Market Research:</strong>&nbsp;Uptrends.ai's comprehensive coverage and easy-to-use interface save users time in gathering and analyzing market information. It streamlines the research process and ensures users can focus on making strategic decisions.</li></ul><p><strong>Uptrends.ai&nbsp;</strong>offers a powerful solution for staying ahead of trends and effectively navigating the stock market.</p>",
    "category": "art",
    "tags": ["finance, marketing"],
    "websiteLink": "https://app.uptrends.ai",
    "toolsImage": "https://www.futurepedia.io/_next/image?url=https%3A%2F%2Fcdn.sanity.io%2Fimages%2Fu0v1th4q%2Fproduction%2Fbd3017c2d8c0d11d5585aa43325caf327e12de1d-6912x3456.png%3Frect%3D145%2C0%2C6622%2C3456%26w%3D640%26h%3D334%26auto%3Dformat&w=1920&q=75",
    "facebookLink": "",
    "instagramLink": "",
    "twitterLink": "",
    "linkedinLink": "",
    "ratings": 4.9,
    "status": "approved",
    "featured": true,
    "verified": false,
    "createdAt": "2023-11-05T13:58:16.018Z",
    "updatedAt": "2023-11-10T06:48:24.604Z",
    "__v": 0,
    "discordLink": "",
    "videoReviewLink": "",
    "youtubeLink": ""
  },
  {
    "favourite": 0,
    "_id": "658438b38df2220e003ad637",
    "userName": "Ibrahim Khalil",
    "userEmail": "iibrahimdev70@gmail.com",
    "title": "uptrends.ai",
    "subtitle": "The first AI stock market news monitoring platform made for DIY investors. Uptrends.ai analyzes chatter to help you find the trends & events that matter.",
    "description": "<p><strong>Uptrends.ai&nbsp;</strong>is an advanced tool designed to<em>&nbsp;help users stay ahead of trends and navigate the stock market effectively</em>. By analyzing stock market chatter from various sources, including news outlets, Twitter, Reddit, and more, Uptrends.ai aggregates relevant information and filters out clickbait to provide users with valuable insights.</p><p><strong>Key Features:</strong></p><ul><li><strong>Comprehensive Market Coverage:</strong>&nbsp;Uptrends.ai aggregates stock market chatter from news outlets, Twitter, Reddit, and other sources, providing users with a holistic view of market trends and events.</li><li><strong>Clickbait Filtering:</strong>&nbsp;The tool filters out clickbait and highlights the news that truly matters, ensuring users focus on relevant and reliable information.</li><li><strong>Real-Time News Alerts:</strong>&nbsp;Users can set personalized alerts for stocks, sectors, or topics, receiving real-time notifications about market-moving news and staying ahead of developments.</li><li><strong>Sentiment Analysis:</strong>&nbsp;Uptrends.ai tracks news sentiment, trends, and events, empowering users to make smarter investment decisions based on valuable insights.</li><li><strong>Streamlined Information Access:</strong>&nbsp;With Uptrends.ai, users have access to aggregated news, blogs, and social media posts from top finance coverage websites, eliminating the need for manual searching across multiple sources.</li></ul><p><strong>Use Cases:</strong></p><ul><li><strong>Stock Market Monitoring:</strong>&nbsp;Uptrends.ai is a valuable tool for investors, traders, and anyone interested in the stock market. It provides a centralized platform for monitoring stock market trends, events, and sentiment, aiding users in making informed investment decisions.</li><li><strong>News and Trend Analysis:</strong>&nbsp;Journalists, analysts, and finance professionals can leverage Uptrends.ai to track news sentiment, analyze market trends, and gain insights into market dynamics. It serves as a valuable resource for research and analysis.</li><li><strong>Time-Saving Market Research:</strong>&nbsp;Uptrends.ai's comprehensive coverage and easy-to-use interface save users time in gathering and analyzing market information. It streamlines the research process and ensures users can focus on making strategic decisions.</li></ul><p><strong>Uptrends.ai&nbsp;</strong>offers a powerful solution for staying ahead of trends and effectively navigating the stock market.</p>",
    "category": "art",
    "tags": ["finance, marketing"],
    "websiteLink": "https://app.uptrends.ai",
    "toolsImage": "https://www.futurepedia.io/_next/image?url=https%3A%2F%2Fcdn.sanity.io%2Fimages%2Fu0v1th4q%2Fproduction%2Fbd3017c2d8c0d11d5585aa43325caf327e12de1d-6912x3456.png%3Frect%3D145%2C0%2C6622%2C3456%26w%3D640%26h%3D334%26auto%3Dformat&w=1920&q=75",
    "facebookLink": "",
    "instagramLink": "",
    "twitterLink": "",
    "linkedinLink": "",
    "ratings": 4.9,
    "status": "approved",
    "featured": true,
    "verified": false,
    "createdAt": "2023-11-05T13:58:16.018Z",
    "updatedAt": "2023-11-10T06:48:24.604Z",
    "__v": 0,
    "discordLink": "",
    "videoReviewLink": "",
    "youtubeLink": ""
  },
  {
    "favourite": 0,
    "_id": "654b4d789f6950dbc1400553",
    "userName": "SOHEL RANA",
    "userEmail": "sohelrana070854@gmail.com",
    "title": "free essay generator",
    "subtitle": "Assists students and writers in creating high-quality essays effortlessly.",
    "description": "<h2><strong>Free Essay Generator&nbsp;Features</strong></h2><p>Struggling with academic writing? The<strong>&nbsp;Free Essay Generator</strong>&nbsp;is here to help! Our cutting-edge AI technology takes the&nbsp;<em>hassle out of essay writing, providing you with accurate and well-structured essays in minutes.</em>&nbsp;Whether you're a student facing a tight deadline or a writer seeking inspiration, our tool is designed to simplify your essay creation process.</p><p><strong>Key Features:</strong></p><ul><li><strong>Essay Generation:</strong>&nbsp;Research and write your essays quickly, saving time and effort.</li><li><strong>Scholarly Sources:</strong>&nbsp;Access credible and reliable sources to enhance your essay's credibility.</li><li><strong>MLA/APA Citations:</strong>&nbsp;Ensure proper citations in your essays with MLA and APA formatting styles.</li><li><strong>User-Friendly Interface:</strong>&nbsp;Our tool is intuitive and easy to use, even for those who are not tech-savvy.</li></ul><p><strong>AI-Powered Excellence:</strong></p><p>Partnering with&nbsp;<a href=\"https://www.futurepedia.io/tool/textero-ai\" rel=\"noopener noreferrer\" target=\"_blank\" style=\"color: rgb(14, 165, 233);\">Textero AI</a>, we've harnessed the power of artificial intelligence to create a tool that meets your academic writing needs. After rigorous testing and research, we proudly present a product that takes the stress out of essay writing when you're juggling multiple tasks.</p><p><strong>Frequently Asked Questions:</strong></p><ul><li><strong>What is the website that writes essays for you free?</strong>&nbsp;The Free Essay Generator is the perfect solution when you need an essay written for free. It creates fully-fledged essays, complete with a title page, citations, and a reference list.</li><li><strong>Who writes essays for free?</strong>&nbsp;While friends and siblings can help, an AI-powered essay generator offers faster and conflict-free assistance. You can modify the generated text to meet your requirements and reflect your personal touch.</li><li><strong>Is it okay to use free essay websites?</strong>&nbsp;Absolutely! Using free essay websites as a supporting tool is acceptable as long as you contribute your own thoughts and reflections to your written work.</li><li><strong>Can I trust online essay writers?</strong>&nbsp;Yes, online essay writers can be trusted. However, it's recommended to review and refine the generated text, adding personal touches and avoiding potential plagiarism concerns.</li></ul><p><strong>Choose Efficiency and Quality:</strong></p><p>Why spend hours researching and writing when you can rely on our Free Essay Generator? With its user-friendly interface, citation support, and AI-powered technology, the tool is an indispensable asset for various essay types, including literature reviews, research papers, and more. Let us help you streamline your academic writing and achieve excellence effortlessly. Save time and create exceptional essays with the Free Essay Generator.</p><p><strong>Summary:</strong></p><p>The Free Essay Generator is a user-friendly AI-powered tool designed to streamline the essay writing process. Whether you need to write descriptive, argumentative, narrative, persuasive, compare and contrast, or expository essays, this tool provides accurate, well-structured content in a matter of minutes. Backed by reliable sources and proper MLA/APA citations, our tool is your key to efficient and high-quality essay creation. With the Free Essay Generator, you can elevate your academic writing with ease and confidence.</p>",
    "category": "copywriting",
    "tags": ["#writing generators"],
    "websiteLink": "https://academichelp.net/free-essay-generator/?utm_source=futurepedia&utm_medium=marketplace&utm_campaign=futurepedia",
    "toolsImage": "https://www.futurepedia.io/_next/image?url=https%3A%2F%2Fcdn.sanity.io%2Fimages%2Fu0v1th4q%2Fproduction%2Fce844e387f9e46cadf739fe04bcf45769fc73634-2533x1260.jpg%3Frect%3D59%2C0%2C2416%2C1260%26w%3D1680%26h%3D876%26auto%3Dformat&w=2048&q=75",
    "facebookLink": "www.facebook.com",
    "youtubeLink": "Simple in use, and lightweight tool!",
    "discordLink": "",
    "twitterLink": "www.twitter.com",
    "linkedinLink": "www.twitter.com",
    "videoReviewLink": "",
    "ratings": 3.9,
    "status": "approved",
    "featured": true,
    "verified": false,
    "createdAt": "2023-11-08T08:57:28.224Z",
    "updatedAt": "2023-11-09T19:59:54.888Z",
    "__v": 0
  },
  {
    "favourite": 0,
    "_id": "654b4b809f6950dbc140053b",
    "userName": "SOHEL RANA",
    "userEmail": "sohelrana070854@gmail.com",
    "title": "durable",
    "subtitle": "Build a website in 30 seconds with AI, leveraging AI-powered design and marketing tools to boost traffic and increase revenue.",
    "description": "<h2><strong>Durable&nbsp;Features</strong></h2><p><strong>Durable AI</strong>&nbsp;is an AI-powered website builder designed&nbsp;<em>to help entrepreneurs&nbsp;</em>effortlessly create professional websites. Key features and advantages include:</p><ul><li><strong>Rapid site creation</strong>: Generate a website in just 30 seconds with AI-generated features</li><li><strong>Customization</strong>: Edit and enhance websites with logos, photos, custom objects, and more</li><li><strong>All-in-one platform</strong>: CRM tools, invoicing, promotional content creation, and more</li></ul><p><strong>Use cases</strong>&nbsp;for Durable AI involve various website-related activities:</p><ul><li>Quickly create&nbsp;<strong>professional websites</strong>&nbsp;for businesses and entrepreneurs</li><li>Streamline website management with a&nbsp;<strong>unified platform</strong>&nbsp;for multiple tasks</li><li>Facilitate the process of&nbsp;<strong>launching a business</strong>&nbsp;online</li></ul><p>With a&nbsp;<strong>30-day free trial</strong>&nbsp;and plans starting at $15 per month, Durable AI is a trusted solution recommended by various reputable sources.</p>",
    "category": "customer support",
    "tags": ["#finance  #low-code/no-code"],
    "websiteLink": "https://durable.co/?utm_medium=Referral&utm_campaign=FuturepediaOctWeb&utm_source=Referral&utm_content=FuturepediaOctWeb&utm_term=FuturepediaOctWeb",
    "toolsImage": "https://www.futurepedia.io/_next/image?url=https%3A%2F%2Fcdn.sanity.io%2Fimages%2Fu0v1th4q%2Fproduction%2F34e456817b9c3d07088c148f80988db6eb06d401-2876x1458.png%3Frect%3D40%2C0%2C2796%2C1458%26w%3D1680%26h%3D876%26auto%3Dformat&w=2048&q=75",
    "facebookLink": "www.facebook.com",
    "youtubeLink": "www.youtube.com",
    "discordLink": "dfd",
    "twitterLink": "www.twitter.com",
    "linkedinLink": "www.twitter.com",
    "videoReviewLink": "Took under 30 seconds! Easy to customize too",
    "ratings": 1.9,
    "status": "approved",
    "featured": true,
    "verified": false,
    "createdAt": "2023-11-08T08:49:04.386Z",
    "updatedAt": "2023-11-09T19:59:50.980Z",
    "__v": 0
  },
  {
    "favourite": 0,
    "_id": "65479ee2e5d3bec9887350f0",
    "userName": "Ibrahim Khalil",
    "userEmail": "iibrahimdev70@gmail.com",
    "title": "persuva",
    "subtitle": "Crafting Compelling Sales Copy and Integrated Marketing Solutions",
    "description": "<p><strong>Persuva&nbsp;</strong>empowers businesses to create engaging sales copy enriched with learning resources and integrated marketing solutions. With Persuva, you can generate tailored sales material with just one click, saving valuable time and resources. Their approach combines innovative technology with expert-driven copywriting methodologies to help you connect with your audience effectively.</p><p><strong>Key Features:</strong></p><ul><li><strong>One-Click, Tailored Sales Copy:</strong>&nbsp;Persuva streamlines the process of crafting sales copy. It generates full sales copy customized to your target audience with a single click, eliminating the need to sift through templates.</li><li><strong>Expertise You Can Trust:</strong>&nbsp;The platform leverages deep experience with leading platforms like TikTok and Meta. It draws insights from working with numerous businesses globally, employing cutting-edge strategies based on real-world success stories and extensive market research.</li><li><strong>Usage and Accessibility:</strong>&nbsp;Users can access the Strategy Hub, a curated learning resource filled with insights to elevate their business.</li><li><strong>Content Customization:</strong>&nbsp;Persuva allows you to customize your copy to align with audience awareness, address pain points directly, and spark desires for compelling conversions.</li><li><strong>Project Organization:</strong>&nbsp;The tool offers dedicated workspaces to help users organize their projects seamlessly and manage their products for streamlined marketing efforts.</li><li><strong>Support:</strong>&nbsp;Users have access to a comprehensive knowledge base to address queries, along with priority support to ensure uninterrupted progress.</li><li><strong>Upcoming Enhancements:</strong>&nbsp;Persuva is committed to ongoing innovation, regularly introducing new features based on user feedback to enhance the user experience and drive success.</li></ul><p><strong>Benefits:</strong></p><ul><li>Save time by generating tailored sales copy with a single click.</li><li>Leverage the platform's expertise, which is backed by insights from working with businesses worldwide.</li><li>Customize your sales copy to effectively engage your target audience.</li><li>Organize your projects efficiently for streamlined marketing efforts.</li><li>Access priority support and a knowledge base to address any queries or issues.</li></ul><p><strong>Drive Your Success with Persuva:</strong></p><p>Persuva continuously enhances its platform based on user feedback and is dedicated to providing features that empower businesses to succeed.</p>",
    "category": "3d",
    "tags": ["utility, automation"],
    "websiteLink": "https://persuva.ai",
    "toolsImage": "https://www.futurepedia.io/_next/image?url=https%3A%2F%2Fcdn.sanity.io%2Fimages%2Fu0v1th4q%2Fproduction%2F92d92a4ae4287694daa4463b236afd9e89d4c532-2528x1245.png%3Frect%3D71%2C0%2C2386%2C1245%26w%3D640%26h%3D334%26auto%3Dformat&w=1920&q=75",
    "facebookLink": "",
    "instagramLink": "",
    "twitterLink": "",
    "linkedinLink": "",
    "ratings": 4.9,
    "status": "approved",
    "featured": true,
    "verified": true,
    "createdAt": "2023-11-05T13:55:46.461Z",
    "updatedAt": "2023-11-09T19:33:09.531Z",
    "__v": 0,
    "discordLink": "",
    "videoReviewLink": "",
    "youtubeLink": ""
  }
]
